VALUE,BPS_CODE,BPS_NAME,GROUPVEG
-9999,-9999,NoData,NoData
1,1,Missing,Missing
11,11,Open Water,Open Water
12,12,Perennial Ice/Snow,Perennial Ice/Snow
31,31,Barren-Rock/Sand/Clay,Barren-Rock/Sand/Clay
381,11250,Inter-Mountain Basins Big Sagebrush Steppe,Shrubland
383,10010,Inter-Mountain Basins Sparsely Vegetated Systems,Sparse
384,10060,Rocky Mountain Alpine/Montane Sparsely Vegetated Systems,Sparse
385,10040,North American Warm Desert Sparsely Vegetated Systems,Sparse
386,11490,Western Great Plains Shortgrass Prairie,Grassland
387,11470,Western Great Plains Foothill and Piedmont Grassland,Grassland
388,10720,Wyoming Basins Dwarf Sagebrush Shrubland and Steppe,Shrubland
389,10930,Southern Colorado Plateau Sand Shrubland,Shrubland
391,10860,Rocky Mountain Lower Montane-Foothill Shrubland,Shrubland
392,10950,Apacherian-Chihuahuan Mesquite Upland Scrub,Shrubland
393,10760,Chihuahuan Stabilized Coppice Dune and Sand Flat Scrub,Shrubland
394,10780,Colorado Plateau Blackbrush-Mormon-tea Shrubland,Shrubland
395,10820,Mojave Mid-Elevation Mixed Desert Scrub,Shrubland
396,11460,Southern Rocky Mountain Montane-Subalpine Grassland,Grassland
397,11080,Sonora-Mojave Semi-Desert Chaparral,Shrubland
398,10870,Sonora-Mojave Creosotebush-White Bursage Desert Scrub,Shrubland
399,11261,Inter-Mountain Basins Montane Sagebrush Steppe-Mountain Big Sagebrush,Shrubland
401,10660,Inter-Mountain Basins Mat Saltbush Shrubland,Shrubland
403,10640,Colorado Plateau Mixed Low Sagebrush Shrubland,Shrubland
408,10020,Mediterranean California Sparsely Vegetated Systems,Sparse
416,10110,Rocky Mountain Aspen Forest and Woodland,Hardwood
417,10451,Northern Rocky Mountain Dry-Mesic Montane Mixed Conifer Forest-Ponderosa Pine-Douglas-fir,Conifer
418,10452,Northern Rocky Mountain Dry-Mesic Montane Mixed Conifer Forest-Larch,Conifer
419,10453,Northern Rocky Mountain Dry-Mesic Montane Mixed Conifer Forest-Grand Fir,Conifer
420,10460,Northern Rocky Mountain Subalpine Woodland and Parkland,Conifer
421,10470,Northern Rocky Mountain Mesic Montane Mixed Conifer Forest,Conifer
422,10472,Northern Rocky Mountain Mesic Montane Mixed Conifer Forest-Cedar Groves,Conifer
423,10530,Northern Rocky Mountain Ponderosa Pine Woodland and Savanna,Conifer
424,10550,Rocky Mountain Subalpine Dry-Mesic Spruce-Fir Forest and Woodland,Conifer
425,10560,Rocky Mountain Subalpine Mesic-Wet Spruce-Fir Forest and Woodland,Conifer
426,10620,Inter-Mountain Basins Curl-leaf Mountain Mahogany Woodland and Shrubland,Shrubland
427,10650,Columbia Plateau Scabland Shrubland,Shrubland
428,10700,Rocky Mountain Alpine Dwarf-Shrubland,Shrubland
429,10790,Great Basin Xeric Mixed Sagebrush Shrubland,Shrubland
430,10800,Inter-Mountain Basins Big Sagebrush Shrubland,Shrubland
431,11060,Northern Rocky Mountain Montane-Foothill Deciduous Shrubland,Shrubland
432,11150,Inter-Mountain Basins Juniper Savanna,Conifer
433,11230,Columbia Plateau Steppe and Grassland,Grassland
434,11240,Columbia Plateau Low Sagebrush Steppe,Shrubland
436,11260,Inter-Mountain Basins Montane Sagebrush Steppe,Shrubland
437,11270,Inter-Mountain Basins Semi-Desert Shrub-Steppe,Shrubland
438,11340,Columbia Basin Foothill and Canyon Dry Grassland,Grassland
439,11350,Inter-Mountain Basins Semi-Desert Grassland,Grassland
440,11390,Northern Rocky Mountain Lower Montane-Foothill-Valley Grassland,Grassland
441,11400,Northern Rocky Mountain Subalpine-Upper Montane Grassland,Grassland
442,11420,Columbia Basin Palouse Prairie,Grassland
443,11450,Rocky Mountain Subalpine-Montane Mesic Meadow,Grassland
444,11530,Inter-Mountain Basins Greasewood Flat,Shrubland
445,11540,Inter-Mountain Basins Montane Riparian Systems,Riparian
446,11590,Rocky Mountain Montane Riparian Systems,Riparian
447,11600,Rocky Mountain Subalpine/Upper Montane Riparian Systems,Riparian
448,11610,Northern Rocky Mountain Conifer Swamp,Conifer
449,11660,Middle Rocky Mountain Montane Douglas-fir Forest and Woodland,Conifer
450,11670,Rocky Mountain Poor-Site Lodgepole Pine Forest,Conifer
453,10090,Northwestern Great Plains Aspen Forest and Parkland,Hardwood
462,10490,Rocky Mountain Foothill Limber Pine-Juniper Woodland,Conifer
469,10810,Inter-Mountain Basins Mixed Salt Desert Scrub,Shrubland
477,11430,Rocky Mountain Alpine Fell-Field,Grassland
478,11440,Rocky Mountain Alpine Turf,Grassland
486,11662,Middle Rocky Mountain Montane Douglas-fir Forest and Woodland-Fire-maintained Savanna,Conifer
491,10160,Colorado Plateau Pinyon-Juniper Woodland,Conifer
492,10190,Great Basin Pinyon-Juniper Woodland,Conifer
493,10200,Inter-Mountain Basins Subalpine Limber-Bristlecone Pine Woodland,Conifer
494,10520,Southern Rocky Mountain Mesic Montane Mixed Conifer Forest and Woodland,Conifer
495,10540,Southern Rocky Mountain Ponderosa Pine Woodland,Conifer
496,10610,Inter-Mountain Basins Aspen-Mixed Conifer Forest and Woodland,Hardwood-Conifer
505,10910,Sonoran Mid-Elevation Desert Scrub,Shrubland
508,11030,Great Basin Semi-Desert Chaparral,Shrubland
510,11070,Rocky Mountain Gambel Oak-Mixed Montane Shrubland,Shrubland
512,11090,Sonoran Paloverde-Mixed Cacti Desert Scrub,Shrubland
522,11550,North American Warm Desert Riparian Systems,Riparian
523,11552,North American Warm Desert Riparian Systems-Stringers,Riparian
528,10230,Madrean Encinal,Conifer
530,10250,Madrean Pinyon-Juniper Woodland,Conifer
535,10880,Sonora-Mojave Mixed Salt Desert Scrub,Shrubland
536,10900,Sonoran Granite Outcrop Desert Scrub,Shrubland
538,11040,Mogollon Chaparral,Shrubland
542,11210,Apacherian-Chihuahuan Semi-Desert Grassland and Steppe,Grassland
547,10080,North Pacific Oak Woodland,Hardwood
548,10150,California Coastal Redwood Forest,Conifer
549,10210,Klamath-Siskiyou Lower Montane Serpentine Mixed Conifer Woodland,Conifer
550,10220,Klamath-Siskiyou Upper Montane Serpentine Mixed Conifer Woodland,Conifer
551,10270,Mediterranean California Dry-Mesic Mixed Conifer Forest and Woodland,Conifer
552,10280,Mediterranean California Mesic Mixed Conifer Forest and Woodland,Conifer
553,10290,Mediterranean California Mixed Oak Woodland,Hardwood
554,10300,Mediterranean California Lower Montane Black Oak-Conifer Forest and Woodland,Conifer
555,10310,California Montane Jeffrey Pine(-Ponderosa Pine) Woodland,Conifer
556,10320,Mediterranean California Red Fir Forest,Conifer
557,10330,Mediterranean California Subalpine Woodland,Conifer
558,10390,North Pacific Maritime Mesic-Wet Douglas-fir-Western Hemlock Forest,Conifer
560,10440,Northern California Mesic Subalpine Woodland,Conifer
561,10960,California Maritime Chaparral,Shrubland
562,10970,California Mesic Chaparral,Shrubland
563,10980,California Montane Woodland and Chaparral,Shrubland
564,10990,California Xeric Serpentine Chaparral,Shrubland
565,11050,Northern and Central California Dry-Mesic Chaparral,Shrubland
566,11130,California Coastal Live Oak Woodland and Savanna,Hardwood
567,11140,California Lower Montane Blue Oak-Foothill Pine Woodland and Savanna,Hardwood
568,11280,Northern California Coastal Scrub,Shrubland
569,11300,California Mesic Serpentine Grassland,Grassland
570,11310,California Northern Coastal Grassland,Grassland
571,11370,Mediterranean California Subalpine Meadow,Grassland
572,11380,North Pacific Montane Grassland,Grassland
573,11520,California Montane Riparian Systems,Riparian
574,11630,Pacific Coastal Marsh Systems,Riparian
575,11700,Klamath-Siskiyou Xeromorphic Serpentine Savanna and Chaparral,Conifer
576,11770,California Coastal Closed-Cone Conifer Forest and Woodland,Conifer
580,10170,Columbia Plateau Western Juniper Woodland and Savanna,Conifer
589,10321,Mediterranean California Red Fir Forest-Cascades,Conifer
590,10322,Mediterranean California Red Fir Forest-Southern Sierra,Conifer
592,10340,Mediterranean California Mesic Serpentine Woodland and Chaparral,Shrubland
593,10431,Mediterranean California Mixed Evergreen Forest-Interior,Conifer
595,10510,Southern Rocky Mountain Dry-Mesic Montane Mixed Conifer Forest and Woodland,Conifer
596,10581,Sierra Nevada Subalpine Lodgepole Pine Forest and Woodland-Wet,Conifer
597,10582,Sierra Nevada Subalpine Lodgepole Pine Forest and Woodland-Dry,Conifer
600,10670,Mediterranean California Alpine Fell-Field,Shrubland
601,10710,Sierra Nevada Alpine Dwarf-Shrubland,Shrubland
614,11360,Mediterranean California Alpine Dry Tundra,Grassland
626,10450,Northern Rocky Mountain Dry-Mesic Montane Mixed Conifer Forest,Conifer
629,10531,Northern Rocky Mountain Ponderosa Pine Woodland and Savanna-Mesic,Conifer
630,10532,Northern Rocky Mountain Ponderosa Pine Woodland and Savanna-Xeric,Conifer
657,11650,Northern Rocky Mountain Foothill Conifer Wooded Steppe,Conifer
687,10120,Rocky Mountain Bigtooth Maple Ravine Woodland,Hardwood
697,10801,Inter-Mountain Basins Big Sagebrush Shrubland-Basin Big Sagebrush,Shrubland
698,10802,Inter-Mountain Basins Big Sagebrush Shrubland-Wyoming Big Sagebrush,Shrubland
718,10030,North Pacific Sparsely Vegetated Systems,Sparse
721,10180,East Cascades Mesic Montane Mixed-Conifer Forest and Woodland,Conifer
722,10350,North Pacific Dry Douglas-fir(-Madrone) Forest and Woodland,Conifer
723,10360,North Pacific Hypermaritime Sitka Spruce Forest,Conifer
724,10370,North Pacific Maritime Dry-Mesic Douglas-fir-Western Hemlock Forest,Conifer
725,10380,North Pacific Maritime Mesic Subalpine Parkland,Conifer
727,10411,North Pacific Mountain Hemlock Forest-Wet,Conifer
728,10412,North Pacific Mountain Hemlock Forest-Xeric,Conifer
729,10420,North Pacific Mesic Western Hemlock-Silver Fir Forest,Conifer
735,10600,East Cascades Oak-Ponderosa Pine Forest and Woodland,Conifer
736,10630,North Pacific Broadleaf Landslide Forest and Shrubland,Hardwood
738,10680,North Pacific Dry and Mesic Alpine Dwarf-Shrubland or Fell-field or Meadow,Shrubland
740,10830,North Pacific Avalanche Chute Shrubland,Shrubland
741,10840,North Pacific Montane Shrubland,Shrubland
743,11200,Willamette Valley Upland Prairie and Savanna,Hardwood
750,11560,North Pacific Lowland Riparian Forest and Shrubland,Riparian
751,11570,North Pacific Swamp Systems,Riparian
752,11581,North Pacific Montane Riparian Woodland and Shrubland-Wet,Riparian
753,11582,North Pacific Montane Riparian Woodland and Shrubland-Dry,Riparian
756,11710,North Pacific Alpine and Subalpine Dry Grassland,Grassland
757,11730,North Pacific Wooded Volcanic Flowage,Conifer
758,11740,North Pacific Dry-Mesic Silver Fir-Western Hemlock-Douglas-fir Forest,Conifer
759,11780,North Pacific Hypermaritime Western Red-cedar-Western Hemlock Forest,Conifer
819,10580,Sierra Nevada Subalpine Lodgepole Pine Forest and Woodland,Conifer
848,11720,Sierran-Intermontane Desert Western White Pine-White Fir Woodland,Conifer
852,10070,Western Great Plains Sparsely Vegetated Systems,Sparse
855,10454,Northern Rocky Mountain Dry-Mesic Montane Mixed Conifer Forest-Lodgepole Pine,Conifer
862,10850,Northwestern Great Plains Shrubland,Shrubland
864,11170,Southern Rocky Mountain Ponderosa Pine Savanna,Conifer
869,11410,Northwestern Great Plains Mixedgrass Prairie,Grassland
871,11480,Western Great Plains Sand Prairie,Grassland
875,11620,Western Great Plains Floodplain Systems,Riparian
876,13850,Western Great Plains Wooded Draw and Ravine,Shrubland
877,14950,Western Great Plains Depressional Wetland Systems,Riparian
882,10500,Rocky Mountain Lodgepole Pine Forest,Conifer
894,10861,Rocky Mountain Lower Montane-Foothill Shrubland-No True Mountain Mahogany,Shrubland
895,10862,Rocky Mountain Lower Montane-Foothill Shrubland-True Mountain Mahogany,Shrubland
910,10140,Central and Southern California Mixed Evergreen Woodland,Hardwood
915,10430,Mediterranean California Mixed Evergreen Forest,Conifer
920,11120,California Central Valley Mixed Oak Savanna,Hardwood
922,11290,California Central Valley and Southern Coastal Grassland,Grassland
924,11510,California Central Valley Riparian Woodland and Shrubland,Riparian
941,10920,Southern California Coastal Scrub,Shrubland
949,11100,Southern California Dry-Mesic Chaparral,Shrubland
953,11180,Southern California Oak Woodland and Savanna,Hardwood
976,10570,Rocky Mountain Subalpine-Montane Limber-Bristlecone Pine Woodland,Conifer
977,10611,Inter-Mountain Basins Aspen-Mixed Conifer Forest and Woodland-Low Elevation,Hardwood-Conifer
978,10612,Inter-Mountain Basins Aspen-Mixed Conifer Forest and Woodland-High Elevation,Hardwood-Conifer
988,11020,Colorado Plateau Pinyon-Juniper Shrubland,Conifer
990,11071,Rocky Mountain Gambel Oak-Mixed Montane Shrubland -Continuous,Shrubland
991,11072,Rocky Mountain Gambel Oak-Mixed Montane Shrubland-Patchy,Shrubland
996,11262,Inter-Mountain Basins Montane Sagebrush Steppe-Low Sagebrush,Shrubland
1116,10240,Madrean Lower Montane Pine-Oak Forest and Woodland,Conifer
1122,10590,Southern Rocky Mountain Pinyon-Juniper Woodland,Conifer
1134,11160,Madrean Juniper Savanna,Conifer
1136,11190,Southern Rocky Mountain Juniper Woodland and Savanna,Conifer
1187,10260,Madrean Upper Montane Conifer-Oak Forest and Woodland,Conifer
1194,10770,Chihuahuan Succulent Desert Scrub,Shrubland
1200,11000,Chihuahuan Mixed Desert and Thorn Scrub,Shrubland
1250,10480,Northwestern Great Plains Highland White Spruce Woodland,Conifer
1278,11791,Northwestern Great Plains-Black Hills Ponderosa Pine Woodland and Savanna-Low Elevation Woodland,Conifer
1279,11792,Northwestern Great Plains-Black Hills Ponderosa Pine Woodland and Savanna-Savanna,Conifer
1291,14820,Great Plains Prairie Pothole,Grassland
1293,13300,Southern Coastal Plain Dry Upland Hardwood Forest,Hardwood
1294,13350,Atlantic Coastal Plain Dry and Dry-Mesic Oak Forest,Hardwood
1295,13430,Atlantic Coastal Plain Mesic Hardwood Forest,Hardwood
1296,13460,Atlantic Coastal Plain Fall-line Sandhills Longleaf Pine Woodland,Conifer
1297,13470,Atlantic Coastal Plain Upland Longleaf Pine Woodland,Conifer
1298,13490,East Gulf Coastal Plain Interior Upland Longleaf Pine Woodland,Conifer
1299,13560,Florida Longleaf Pine Sandhill,Conifer
1300,13570,Southern Coastal Plain Mesic Slope Forest,Hardwood
1301,13800,East Gulf Coastal Plain Maritime Forest,Hardwood-Conifer
1302,13820,Southern Atlantic Coastal Plain Maritime Forest,Hardwood-Conifer
1303,13870,Florida Peninsula Inland Scrub,Shrubland
1304,14500,Southern Atlantic Coastal Plain Wet Pine Savanna and Flatwoods,Riparian
1305,14530,Central Florida Pine Flatwoods,Riparian
1306,14540,East Gulf Coastal Plain Near-Coast Pine Flatwoods,Riparian
1307,14600,Southern Coastal Plain Nonriverine Cypress Dome,Riparian
1308,14610,Southern Coastal Plain Seepage Swamp and Baygall,Riparian
1309,14680,Atlantic Coastal Plain Streamhead Seepage Swamp-Pocosin-Baygall,Riparian
1310,14730,Gulf and Atlantic Coastal Plain Floodplain Systems,Riparian
1311,14740,Gulf and Atlantic Coastal Plain Small Stream Riparian Systems,Riparian
1312,14800,Gulf and Atlantic Coastal Plain Swamp Systems,Riparian
1313,14850,East Gulf Coastal Plain Savanna and Wet Prairie,Savanna
1314,14890,Floridian Highlands Freshwater Marsh,Riparian
1315,14900,Gulf and Atlantic Coastal Plain Tidal Marsh Systems,Riparian
1317,13330,South Florida Hardwood Hammock,Hardwood
1318,13360,Southwest Florida Coastal Strand and Maritime Hammock,Hardwood
1319,13370,Southeast Florida Coastal Strand and Maritime Hammock,Hardwood
1321,13600,South Florida Pine Rockland,Conifer
1323,14250,Florida Dry Prairie,Grassland
1324,14450,South Florida Dwarf Cypress Savanna,Savanna
1325,14460,South Florida Pine Flatwoods,Conifer
1326,14470,South Florida Cypress Dome,Riparian
1331,14700,Caribbean Coastal Wetland Systems,Riparian
1333,14780,Caribbean Swamp Systems,Riparian
1335,14830,South Florida Everglades Sawgrass Marsh,Riparian
1348,10740,Chihuahuan Creosotebush Desert Scrub,Shrubland
1349,10750,Chihuahuan Mixed Salt Desert Scrub,Shrubland
1355,10940,Western Great Plains Sandhill Steppe,Shrubland
1356,11002,Chihuahuan Mixed Desert and Thorn Scrub-Shrubland,Shrubland
1357,11003,Chihuahuan Mixed Desert and Thorn Scrub-Steppe,Shrubland
1358,11010,Madrean Oriental Chaparral,Shrubland
1366,11220,Chihuahuan Gypsophilous Grassland and Steppe,Grassland
1368,11330,Chihuahuan Sandy Plains Semi-Desert Grassland,Grassland
1375,15030,Chihuahuan Loamy Plains Desert Grassland,Grassland
1376,15040,Chihuahuan-Sonoran Desert Bottomland and Swale Grassland,Grassland
1391,11110,Western Great Plains Mesquite Woodland and Shrubland,Shrubland
1400,13930,Edwards Plateau Limestone Shrubland,Conifer
1401,14951,Western Great Plains Depressional Wetland Systems-Playa,Riparian
1403,15041,Chihuahuan-Sonoran Desert Bottomland and Swale Grassland-Tobosa Grassland,Grassland
1404,15042,Chihuahuan-Sonoran Desert Bottomland and Swale Grassland-Alkali Sacaton,Grassland
1415,11320,Central Mixedgrass Prairie,Grassland
1420,13410,Northwestern Great Plains Canyon,Sparse
1432,14952,Western Great Plains Depressional Wetland Systems-Saline,Riparian
1435,13230,West Gulf Coastal Plain Mesic Hardwood Forest,Hardwood
1436,13390,West Gulf Coastal Plain Chenier and Upper Texas Coastal Fringe Forest and Woodland,Hardwood
1437,13480,West Gulf Coastal Plain Upland Longleaf Pine Forest and Woodland,Conifer
1438,13710,West Gulf Coastal Plain Pine-Hardwood Forest,Hardwood-Conifer
1439,13780,West Gulf Coastal Plain Sandhill Oak and Shortleaf Pine Forest and Woodland,Hardwood-Conifer
1440,14220,Southern Blackland Tallgrass Prairie,Grassland
1441,14280,West Gulf Coastal Plain Northern Calcareous Prairie,Grassland
1442,14290,West Gulf Coastal Plain Southern Calcareous Prairie,Grassland
1443,14340,Texas-Louisiana Coastal Prairie,Grassland
1444,14510,West Gulf Coastal Plain Wet Longleaf Pine Savanna and Flatwoods,Riparian
1445,14580,West Gulf Coastal Plain Pine-Hardwood Flatwoods,Hardwood-Conifer
1450,15060,West Gulf Coastal Plain Nonriverine Wet Hardwood Flatwoods,Hardwood
1451,15190,East-Central Texas Plains Post Oak Savanna and Woodland,Hardwood
1457,13610,Central Atlantic Coastal Plain Maritime Forest,Hardwood
1459,14260,Southern Atlantic Coastal Plain Dune and Maritime Grassland,Grassland
1460,14490,Central Atlantic Coastal Plain Wet Longleaf Pine Savanna and Flatwoods,Riparian
1462,14520,Atlantic Coastal Plain Peatland Pocosin and Canebrake,Riparian
1463,14590,Atlantic Coastal Plain Clay-Based Carolina Bay Wetland,Riparian
1469,15010,Central Atlantic Coastal Plain Nonriverine Swamp and Wet Hardwood Forest,Riparian
1477,10541,Southern Rocky Mountain Ponderosa Pine Woodland-South,Conifer
1478,10542,Southern Rocky Mountain Ponderosa Pine Woodland-North,Conifer
1490,11171,Southern Rocky Mountain Ponderosa Pine Savanna-South,Conifer
1491,11172,Southern Rocky Mountain Ponderosa Pine Savanna-North,Conifer
1508,13840,Mississippi Delta Maritime Forest,Hardwood-Conifer
1517,13220,Southern Crowley`s Ridge Mesic Loess Slope Forest,Hardwood
1519,13270,East Gulf Coastal Plain Northern Loess Bluff Forest,Hardwood
1520,13290,East Gulf Coastal Plain Southern Loess Bluff Forest,Hardwood
1523,13810,Lower Mississippi River Dune Woodland and Forest,Hardwood
1525,14320,Lower Mississippi Alluvial Plain Grand Prairie,Grassland
1530,15090,Mississippi River Alluvial Plain Dry-Mesic Loess Slope Forest,Hardwood
1531,15100,Northern Crowley`s Ridge Sand Forest,Hardwood-Conifer
1532,15130,Lower Mississippi River Flatwoods,Hardwood
1561,13022,Laurentian-Acadian Northern Hardwoods Forest-Hemlock,Hardwood
1563,13100,North-Central Interior Dry-Mesic Oak Forest and Woodland,Hardwood
1564,13110,North-Central Interior Dry Oak Forest and Woodland,Hardwood
1565,13130,North-Central Interior Beech-Maple Forest,Hardwood
1566,13140,North-Central Interior Maple-Basswood Forest,Hardwood
1568,13651,Boreal White Spruce-Fir-Hardwood Forest-Inland,Conifer
1569,13660,Laurentian-Acadian Pine-Hemlock-Hardwood Forest,Hardwood-Conifer
1570,13940,North-Central Interior Oak Savanna,Hardwood
1571,13950,North-Central Oak Barrens,Hardwood
1572,14071,Laurentian Pine-Oak Barrens,Hardwood-Conifer
1573,14072,Laurentian Pine-Oak Barrens-Jack Pine,Conifer
1574,14090,Great Lakes Alvar,Conifer
1575,14120,North-Central Interior Sand and Gravel Tallgrass Prairie,Grassland
1576,14210,Central Tallgrass Prairie,Grassland
1577,14440,Eastern Boreal Floodplain,Hardwood
1578,14660,Great Lakes Wooded Dune and Swale,Riparian
1579,14710,Central Interior and Appalachian Floodplain Systems,Riparian
1580,14750,Laurentian-Acadian Floodplain Systems,Riparian
1581,14770,Boreal Acidic Peatland Systems,Riparian
1582,14790,Central Interior and Appalachian Swamp Systems,Riparian
1583,14810,Laurentian-Acadian Alkaline Conifer-Hardwood Swamp,Riparian
1584,14920,Great Lakes Coastal Marsh Systems,Riparian
1585,14930,Central Interior and Appalachian Shrub-Herbaceous Wetland Systems,Riparian
1586,14940,Laurentian-Acadian Shrub-Herbaceous Wetland Systems,Riparian
1587,15170,Paleozoic Plateau Bluff and Talus,Hardwood-Conifer
1592,13310,Eastern Great Plains Tallgrass Aspen Parkland,Hardwood
1593,13440,Boreal Jack Pine-Black Spruce Forest,Conifer
1597,13652,Boreal White Spruce-Fir-Hardwood Forest-Coastal,Conifer
1598,13653,Boreal White Spruce-Fir-Hardwood Forest-Aspen-Birch,Conifer
1604,14200,Northern Tallgrass Prairie,Grassland
1616,13023,Laurentian-Acadian Northern Hardwoods Forest-Northern Sugar Maple-Basswood,Hardwood
1620,13441,Boreal Jack Pine-Black Spruce Forest-Pine Barrens,Conifer
1621,13442,Boreal Jack Pine-Black Spruce Forest-Spruce-Fir,Conifer
1622,13620,Laurentian-Acadian Northern Pine(-Oak) Forest,Hardwood-Conifer
1630,14110,Great Lakes Wet-Mesic Lakeplain Prairie,Riparian
1642,10130,Western Great Plains Dry Bur Oak Forest and Woodland,Hardwood
1644,11500,Western Great Plains Tallgrass Prairie,Grassland
1646,13010,Boreal Aspen-Birch Forest,Conifer
1647,13020,Laurentian-Acadian Northern Hardwoods Forest,Hardwood
1655,14690,Eastern Great Plains Floodplain Systems,Riparian
1687,11790,Northwestern Great Plains-Black Hills Ponderosa Pine Woodland and Savanna,Conifer
1697,13040,Ozark-Ouachita Dry-Mesic Oak Forest,Hardwood
1698,13080,Crosstimbers Oak Forest and Woodland,Hardwood
1700,13340,Ozark-Ouachita Mesic Hardwood Forest,Hardwood
1701,13640,Ozark-Ouachita Dry Oak Woodland,Hardwood
1702,13670,Ozark-Ouachita Shortleaf Pine-Oak Forest and Woodland,Conifer
1704,13830,Edwards Plateau Limestone Savanna and Woodland,Hardwood
1707,14230,Southeastern Great Plains Tallgrass Prairie,Grassland
1709,14720,Central Interior and Appalachian Riparian Systems,Riparian
1714,15230,Edwards Plateau Dry-Mesic Slope Forest and Woodland,Hardwood
1724,13580,East-Central Texas Plains Southern Pine Forest and Woodland,Conifer
1726,13900,Tamaulipan Mixed Deciduous Thornscrub,Shrubland
1727,13920,Tamaulipan Calcareous Thornscrub,Shrubland
1729,14100,Llano Uplift Acidic Forest-Woodland-Glade,Hardwood
1738,15240,Edwards Plateau Mesic Canyon,Hardwood
1739,15250,Edwards Plateau Riparian,Riparian
1741,13380,Central and South Texas Coastal Fringe Forest and Woodland,Hardwood
1750,14370,Central and Upper Texas Coast Dune and Coastal Grassland,Grassland
1751,14380,Tamaulipan Savanna Grassland,Grassland
1752,14390,South Texas Lomas,Shrubland
1753,14400,Tamaulipan Clay Grassland,Grassland
1754,14420,South Texas Sand Sheet Grassland,Grassland
1755,14670,Tamaulipan Floodplain,Riparian
1758,14760,Tamaulipan Riparian Systems,Riparian
1760,14860,Texas-Louisiana Saline Coastal Prairie,Grassland
1764,13070,East Gulf Coastal Plain Northern Dry Upland Hardwood Forest,Hardwood
1765,13250,East Gulf Coastal Plain Northern Mesic Hardwood Slope Forest,Hardwood
1767,13280,East Gulf Coastal Plain Limestone Forest,Hardwood
1771,13530,Southern Appalachian Low-Elevation Pine Forest,Conifer
1773,13680,Southern Piedmont Dry Oak(-Pine) Forest,Hardwood-Conifer
1774,13720,East Gulf Coastal Plain Interior Shortleaf Pine-Oak Forest,Hardwood-Conifer
1775,14300,Southern Coastal Plain Blackland Prairie and Woodland,Grassland
1776,14550,East Gulf Coastal Plain Southern Loblolly-Hardwood Flatwoods,Riparian
1791,14350,East Gulf Coastal Plain Dune and Coastal Grassland,Grassland
1803,14980,Gulf and Atlantic Coastal Plain Sparsely Vegetated Systems,Sparse
1804,13150,Southern Appalachian Oak Forest,Hardwood
1805,13160,Southern Piedmont Mesic Forest,Hardwood
1806,13180,Southern and Central Appalachian Cove Forest,Hardwood
1807,13420,Piedmont Hardpan Woodland and Forest,Hardwood
1808,13510,Southeastern Interior Longleaf Pine Woodland,Conifer
1809,13520,Southern Appalachian Montane Pine Forest and Woodland,Conifer
1814,13090,Southern Appalachian Northern Hardwood Forest,Hardwood
1817,13170,Allegheny-Cumberland Dry Oak Forest and Woodland,Hardwood
1819,13200,Central and Southern Appalachian Montane Oak Forest,Hardwood
1820,13210,South-Central Interior Mesophytic Forest,Hardwood
1821,13500,Central and Southern Appalachian Spruce-Fir Forest,Conifer
1825,13760,Southern Ridge and Valley/Cumberland Dry Calcareous Forest,Hardwood
1826,14140,Southern Appalachian Grass and Shrub Bald,Grassland
1840,13030,Northeastern Interior Dry-Mesic Oak Forest,Hardwood
1842,13240,Northern Atlantic Coastal Plain Hardwood Forest,Hardwood
1848,13550,Northern Atlantic Coastal Plain Pitch Pine Barrens,Conifer
1851,13690,Central Appalachian Dry Oak-Pine Forest,Hardwood-Conifer
1852,13700,Appalachian (Hemlock-)Northern Hardwood Forest,Hardwood
1853,13750,Eastern Serpentine Woodland,Hardwood-Conifer
1854,13770,Central Appalachian Pine-Oak Rocky Woodland,Hardwood-Conifer
1855,13790,Northern Atlantic Coastal Plain Maritime Forest,Hardwood-Conifer
1856,14000,Central Appalachian Alkaline Glade and Woodland,Savanna
1857,14360,Northern Atlantic Coastal Plain Dune and Swale,Grassland
1877,13400,Appalachian Shale Barrens,Hardwood
1897,13730,Acadian Low-Elevation Spruce-Fir-Hardwood Forest,Hardwood-Conifer
1908,15180,North-Central Interior Wet Flatwoods,Hardwood
1929,13740,Acadian-Appalachian Montane Spruce-Fir Forest,Hardwood-Conifer
1942,15260,Laurentian-Acadian Swamp Systems,Riparian
1945,13540,Northeastern Interior Pine Barrens,Conifer
1953,13890,Acadian-Appalachian Subalpine Woodland and Heath-Krummholz,Shrubland
1989,13860,Acadian-Appalachian Alpine Tundra,Shrubland
2000,13050,Southern Interior Low Plateau Dry-Mesic Oak Forest,Hardwood
2008,13630,Central Interior Highlands Dry Acidic Glade and Barrens,Hardwood
2011,14010,Central Interior Highlands Calcareous Glade and Barrens,Grassland
2022,13260,South-Central Interior/Upper Coastal Plain Flatwoods,Hardwood
2030,14570,South-Central Interior/Upper Coastal Plain Wet Flatwoods,Hardwood
2050,14880,Eastern Great Plains Wet Meadow-Prairie-Marsh,Grassland
2068,13060,East Gulf Coastal Plain Northern Loess Plain Oak-Hickory Upland,Hardwood
2080,14130,Bluegrass Savanna and Woodland,Hardwood
2081,14180,Pennyroyal Karst Plain Prairie and Barrens,Grassland
2082,14270,East Gulf Coastal Plain Jackson Plain Prairie and Barrens,Grassland
2107,13970,Nashville Basin Limestone Glade and Woodland,Savanna
2109,14080,Alabama Ketona Glade and Woodland,Hardwood
2110,14160,Western Highland Rim Prairie and Barrens,Grassland
2111,14170,Eastern Highland Rim Prairie and Barrens,Grassland
2136,13120,Ouachita Montane Oak Forest,Hardwood
2146,14151,Arkansas Valley Prairie and Woodland-Prairie,Grassland
2147,14152,Arkansas Valley Prairie and Woodland-Woodland,Grassland
2153,14712,Central Interior and Appalachian Floodplain Systems-Large Floodplains,Riparian
2160,15070,Ozark-Ouachita Shortleaf Pine-Bluestem Woodland,Hardwood-Conifer
2161,16380,Alaska Arctic Mesic Alder Shrubland,Shrubland
2162,16390,Alaska Arctic Mesic-Wet Willow Shrubland,Shrubland
2163,16821,Alaska Arctic Scrub Birch-Ericaceous Shrubland-Infrequent Fire,Shrubland
2164,16830,Alaska Arctic Mesic Sedge-Willow Tundra,Shrubland
2165,16840,Alaska Arctic Mesic Sedge-Dryas Tundra,Grassland
2166,16850,Alaska Arctic Acidic Sparse Tundra,Grassland
2167,16860,Alaska Arctic Non-Acidic Sparse Tundra,Grassland
2168,16870,Alaska Arctic Lichen Tundra,Grassland
2169,16880,Alaska Arctic Acidic Dryas Dwarf-Shrubland,Shrubland
2170,16890,Alaska Arctic Non-Acidic Dryas Dwarf-Shrubland,Shrubland
2171,16902,Alaska Arctic Dwarf-Shrubland - Infrequent Fire,Shrubland
2172,16942,Alaska Arctic Tussock Tundra-Infrequent Fire,Grassland
2173,16970,Alaska Arctic Pendantgrass Freshwater Marsh,Riparian
2174,16980,Alaska Arctic Wet Sedge Meadow,Peatland non-forest
2175,16990,Alaska Arctic Mesic Herbaceous Meadow,Grassland
2176,17010,Alaska Arctic Coastal Sedge-Dwarf-Shrubland,Shrubland
2177,17020,Alaska Arctic Wet Sedge-Sphagnum Peatland,Peatland non-forest
2178,17030,Alaska Arctic Dwarf-Shrub-Sphagnum Peatland,Peatland non-forest
2179,17050,Alaska Arctic Sedge Freshwater Marsh,Riparian
2180,17060,Alaska Arctic Polygonal Ground Wet Sedge Tundra,Grassland
2181,17080,Alaska Arctic Polygonal Ground Shrub-Tussock Tundra,Grassland
2182,17090,Alaska Arctic Marine Beach and Beach Meadow,Grassland
2183,17110,Alaska Arctic Tidal Marsh,Riparian
2185,17150,Alaska Arctic Floodplain,Hardwood
2186,16011,Western North American Boreal Treeline White Spruce Woodland-Boreal,Conifer
2187,16030,Western North American Boreal White Spruce-Hardwood Forest,Conifer-Hardwood
2188,16041,Western North American Boreal Mesic Black Spruce Forest-Boreal,Conifer
2189,16050,Western North American Boreal Mesic Birch-Aspen Forest,Hardwood
2190,16070,Western North American Boreal Subalpine Balsam Poplar-Aspen Woodland,Hardwood
2191,16141,Western North American Boreal Montane Floodplain Forest and Shrubland-Boreal,Conifer-Hardwood
2192,16150,Western North American Boreal Lowland Large River Floodplain Forest and Shrubland,Conifer-Hardwood
2193,16170,Western North American Boreal Shrub and Herbaceous Floodplain Wetland,Peatland non-forest
2194,16211,Western North American Boreal Black Spruce Dwarf-tree Peatland-Boreal Complex,Peatland Forest
2195,16220,Western North American Boreal Black Spruce Wet-Mesic Slope Woodland,Peatland Forest
2196,16300,Western North American Boreal Wet Black Spruce-Tussock Woodland,Peatland Forest
2200,16822,Alaska Arctic Scrub Birch-Ericaceous Shrubland-Frequent Fire,Shrubland
2208,16901,Alaska Arctic Dwarf-Shrubland-Frequent Fire,Shrubland
2210,16941,Alaska Arctic Tussock Tundra-Frequent Fire,Grassland
2218,17040,Alaska Arctic Permafrost Plateau Dwarf-Shrub Lichen Tundra,Peatland non-forest
2224,17130,Alaska Arctic Active Inland Dune,Grassland
2225,17140,Alaska Arctic Large River Floodplain,Hardwood
2233,16090,Alaska Sub-boreal Mesic Subalpine Alder Shrubland,Shrubland
2234,16101,Western North American Boreal Mesic Scrub Birch-Willow Shrubland - Boreal,Shrubland
2235,16110,Western North American Sub-boreal Mesic Bluejoint Meadow,Grassland
2236,16120,Western North American Boreal Dry Grassland,Grassland
2241,16240,Western North American Boreal Deciduous Shrub Swamp,Riparian
2242,16280,Western North American Boreal Low Shrub-Tussock Tundra,Peatland non-forest
2243,16290,Western North American Boreal Tussock Tundra,Peatland non-forest
2245,16310,Western North American Boreal Alpine Dwarf-Shrub Summit,Shrubland
2246,16330,Western North American Boreal Alpine Mesic Herbaceous Meadow,Grassland
2247,16351,Western North American Boreal Alpine Ericaceous Dwarf-Shrubland-Complex,Shrubland
2248,16371,Western North American Boreal Alpine Floodplain - Lower Elevations,Shrubland
2249,16372,Western North American Boreal Alpine Floodplain - Higher Elevations,Shrubland
2273,16061,Western North American Boreal Dry Aspen-Steppe Bluff-Lower Elevations,Hardwood
2274,16062,Western North American Boreal Dry Aspen-Steppe Bluff-Higher Elevations,Shrubland
2276,16080,Alaska Sub-boreal Avalanche Slope Shrubland,Shrubland
2283,16160,Western North American Boreal Riparian Stringer Forest and Shrubland,Riparian
2306,16130,Western North American Boreal Active Inland Dune,Shrubland
2344,16530,Alaskan Pacific Maritime Mesic Herbaceous Meadow,Grassland
2364,17120,Alaska Arctic Coastal Brackish Meadow,Riparian
2367,17170,Alaska Arctic Bedrock and Talus,Sparse
2370,16012,Western North American Boreal Treeline White Spruce Woodland-Alaska Sub-boreal,Conifer
2373,16042,Western North American Boreal Mesic Black Spruce Forest-Alaska Sub-boreal,Conifer
2381,16102,Western North American Boreal Mesic Scrub Birch-Willow Shrubland-Alaska Sub-boreal,Shrubland
2385,16142,Western North American Boreal Montane Floodplain Forest and Shrubland-Alaska Sub-boreal,Conifer-Hardwood
2389,16181,Western North American Boreal Herbaceous Fen-Alaska Sub-Boreal Complex,Peatland non-forest
2391,16212,Western North American Boreal Black Spruce Dwarf-tree Peatland-Alaska Sub-boreal Complex,Peatland Forest
2403,16420,Aleutian Kenai Birch-Cottonwood-Poplar Forest,Hardwood
2404,16430,Alaskan Pacific Maritime Alpine Dwarf-Shrubland,Shrubland
2405,16450,Alaska Sub-boreal and Maritime Alpine Mesic Herbaceous Meadow,Grassland
2406,16440,Alaskan Pacific Maritime Sitka Spruce Forest,Conifer
2407,16460,Alaskan Pacific Maritime Western Hemlock Forest,Conifer
2408,16482,Alaskan Pacific Maritime Mountain Hemlock Forest-Southeast,Conifer
2409,16790,Alaska Sub-boreal White Spruce-Hardwood Forest,Conifer-Hardwood
2471,16481,Alaska Sub-boreal Mountain Hemlock Forest-Northern,Conifer
2473,16500,Alaskan Pacific Maritime Periglacial Woodland and Shrubland,Conifer
2474,16600,Alaskan Pacific Maritime Wet Low Shrubland,Peatland non-forest
2476,16680,Temperate Pacific Tidal Salt and Brackish Marsh,Riparian
2477,16730,Alaskan Pacific Maritime Alpine Wet Meadow,Peatland non-forest
2478,16760,Alaskan Pacific Maritime Alpine Floodplain,Riparian
2479,16780,Alaska Sub-boreal Mountain Hemlock-White Spruce Forest,Conifer
2481,17340,North Pacific Alpine and Subalpine Bedrock and Scree,Sparse
2501,16400,Aleutian Mesic-Wet Willow Shrubland,Shrubland
2506,16550,Alaskan Pacific Maritime Floodplain Forest and Shrubland,Conifer
2508,16630,North Pacific Shrub Swamp,Riparian
2511,16710,Aleutian American Dunegrass Grassland,Grassland
2528,17160,Aleutian Rocky Headland and Sea Cliff,Grassland
2529,17180,Aleutian Mesic Alder-Salmonberry Shrubland,Shrubland
2530,17190,Aleutian Crowberry-Herbaceous Heath,Shrubland
2531,17200,Aleutian Mixed Dwarf-Shrub-Herbaceous Shrubland,Shrubland
2532,17220,Aleutian Freshwater Marsh,Riparian
2533,17230,Aleutian Wet Meadow and Herbaceous Peatland-Complex,Peatland non-forest
2534,17250,Aleutian Marine Beach and Beach Meadow,Grassland
2535,17260,Aleutian Tidal Marsh,Riparian
2536,17270,Aleutian Shrub and Herbaceous Meadow Floodplain,Grassland
2537,17280,Aleutian Floodplain Forest and Shrubland,Hardwood
2538,17290,Aleutian Floodplain Wetland,Riparian
2539,17300,Aleutian Sparse Heath and Fell-Field,Shrubland
2540,17310,Aleutian Oval-leaf Blueberry Shrubland,Shrubland
2541,17320,Aleutian Volcanic Rock and Talus,Sparse
2552,16520,Alaskan Pacific Maritime Subalpine Alder-Salmonberry Shrubland,Shrubland
2553,16540,Alaskan Pacific Maritime Sitka Spruce Beach Ridge,Conifer
2555,16560,Alaskan Pacific Maritime Shrub and Herbaceous Floodplain Wetland,Riparian
2556,16590,Alaskan Pacific Maritime Mountain Hemlock Peatland,Peatland Forest
2560,16610,Alaskan Pacific Maritime Fen and Wet Meadow,Peatland non-forest
2561,16620,Temperate Pacific Freshwater Emergent Marsh,Riparian
2563,16650,Alaskan Pacific Maritime Coastal Meadow and Slough-Levee,Riparian
2568,16800,Alaskan Pacific Maritime Avalanche Slope Shrubland,Shrubland
2569,16810,Alaskan Pacific Maritime Poorly Drained Conifer Woodland,Peatland Forest
2574,16510,Aleutian Mesic Herbaceous Meadow,Grassland
2579,16570,Alaskan Pacific Maritime Shore Pine Peatland,Peatland Forest
2592,16320,Western North American Boreal Alpine Talus and Bedrock,Sparse
2596,18040,Hawaii Freshwater Marsh,NA
2597,18060,Hawaii Bog,NA
2598,18080,Hawaii Lowland Rainforest,NA
2599,18090,Hawaii Montane Cloud Forest,NA
2600,18100,Hawaii Montane Rainforest,NA
2601,18110,Hawaii Wet Cliff and Ridge Crest Shrubland,NA
2602,18130,Hawaii Lowland Dry Forest,NA
2603,18140,Hawaii Lowland Mesic Forest,NA
2604,18151,Hawaii Montane-Subalpine Dry Forest and Woodland-Lava,NA
2605,18160,Hawaii Montane-Subalpine Mesic Forest,NA
2606,18170,Hawaii Lowland Dry Shrubland,NA
2607,18180,Hawaii Lowland Mesic Shrubland,NA
2608,18190,Hawaii Lowland Dry Grassland,NA
2609,18200,Hawaii Lowland Mesic Grassland,NA
2610,18210,Hawaii Montane-Subalpine Dry Shrubland,NA
2611,18220,Hawaii Montane-Subalpine Dry Grassland,NA
2612,18230,Hawaii Montane-Subalpine Mesic Grassland,NA
2613,18240,Hawaii Alpine Dwarf-Shrubland,NA
2614,18250,Hawaii Dry Cliff,NA
2615,18260,Hawaii Dry Coastal Strand,NA
2616,18270,Hawaii Wet-Mesic Coastal Strand,NA
2617,18280,Hawaii Subalpine Mesic Shrubland,NA
2700,10803,Inter-Mountain Basins Big Sagebrush Shrubland-Semi-Desert,Shrubland
2701,10804,Inter-Mountain Basins Big Sagebrush Shrubland-Upland,Shrubland
2719,10432,Mediterranean California Mixed Evergreen Forest-Coastal,Conifer
2724,13622,Laurentian-Acadian Northern Pine(-Oak) Forest-Pine Dominated,Hardwood-Conifer
